utterance,departure_city,arrival_city,departure_date,departure_time,passengers
I need to fly from Oslo to Manchester at 21:15,Oslo,Manchester,,21:15,
I need to fly from Prague to Berlin at 15:45,Prague,Berlin,,15:45,
I want to travel from Berlin to Vienna,Berlin,Vienna,,,
Flight from Rome to Oslo on tomorrow,Rome,Oslo,tomorrow,,
Get me a ticket from Manchester to Vienna for next Monday,Manchester,Vienna,next Monday,,
I want to travel from Dublin to London,Dublin,London,,,
Book a flight from New York to Rome,New York,Rome,,,
Book a flight from Tokyo to Manchester,Tokyo,Manchester,,,
Flight from Berlin to Prague on next Friday,Berlin,Prague,next Friday,,
Going from Rome to Manchester tomorrow,Rome,Manchester,2025-03-16,,
Book a flight from Amsterdam to Zurich,Amsterdam,Zurich,,,
Flight from Paris to Zurich on 2025-04-02,Paris,Zurich,2025-04-02,,
I want to book a flight from Paris to Manchester on 2025-03-16 at 10:00,Paris,Manchester,2025-03-16,10:00,
Going from London to New York tomorrow,London,New York,2025-03-16,,
Fly me from Rome to New York,Rome,New York,,,
Going from Prague to Tokyo tomorrow,Prague,Tokyo,2025-04-02,,
Get me a ticket from Berlin to New York for 2025-03-16,Berlin,New York,2025-03-16,,
Book a flight from Lisbon to Manchester,Lisbon,Manchester,,,
Plan a trip from Lisbon at 10:00,Lisbon,,,10:00,
Plan a trip from New York at 10:00,New York,,,10:00,
Get me a ticket from Rome to Madrid for 2025-04-02,Rome,Madrid,2025-04-02,,
I need to fly from Prague to Zurich at 09:00,Prague,Zurich,,09:00,
Get me a ticket from Oslo to Manchester for tomorrow,Oslo,Manchester,tomorrow,,
I want to book a flight from Zurich to Tokyo on 2025-06-25 at 15:45,Zurich,Tokyo,2025-06-25,15:45,
4 passengers from Lisbon to Madrid on tomorrow,Lisbon,Madrid,tomorrow,,4
Two people traveling from Prague to New York at 15:45,Prague,New York,,15:45,3
Get me a ticket from Berlin to Vienna for 2025-04-02,Berlin,Vienna,2025-04-02,,
I need to fly from Zurich to Manchester at 10:00,Zurich,Manchester,,10:00,
Fly me from Prague to Amsterdam,Prague,Amsterdam,,,
I want to book a flight from Rome to New York on next Monday at 21:15,Rome,New York,next Monday,21:15,
Plan a trip from Prague at 10:00,Prague,,,10:00,
Fly me from Amsterdam to Lisbon,Amsterdam,Lisbon,,,
Book a flight from Madrid to Prague,Madrid,Prague,,,
I want to travel from Manchester to Vienna,Manchester,Vienna,,,
Plan a trip from Amsterdam at 21:15,Amsterdam,,,21:15,
Two people traveling from Lisbon to Paris at 13:30,Lisbon,Paris,,13:30,1
Fly me from Amsterdam to London,Amsterdam,London,,,
I want to book a flight from London to Madrid on 2025-05-10 at 10:00,London,Madrid,2025-05-10,10:00,
Fly me from Paris to Berlin,Paris,Berlin,,,
Book a flight from Vienna to Madrid,Vienna,Madrid,,,
Going from Tokyo to Manchester tomorrow,Tokyo,Manchester,next Friday,,
Plan a trip from New York at 21:15,New York,,,21:15,
Going from London to Oslo tomorrow,London,Oslo,2025-05-10,,
Get me a ticket from Berlin to Madrid for 2025-05-10,Berlin,Madrid,2025-05-10,,
I need to fly from Zurich to Vienna at 18:00,Zurich,Vienna,,18:00,
Flight from Tokyo to Dublin on 2025-05-10,Tokyo,Dublin,2025-05-10,,
Plan a trip from London at 18:00,London,,,18:00,
Book a flight from Prague to Tokyo,Prague,Tokyo,,,
Two people traveling from Vienna to New York at 10:00,Vienna,New York,,10:00,4
Two people traveling from Prague to Berlin at 10:00,Prague,Berlin,,10:00,2
4 passengers from Vienna to New York on 2025-04-02,Vienna,New York,2025-04-02,,4
I want to travel from Rome to London,Rome,London,,,
Plan a trip from London at 13:30,London,,,13:30,
Get me a ticket from Tokyo to Zurich for 2025-07-01,Tokyo,Zurich,2025-07-01,,
Get me a ticket from New York to Zurich for 2025-06-25,New York,Zurich,2025-06-25,,
Two people traveling from New York to Paris at 13:30,New York,Paris,,13:30,3
Get me a ticket from Paris to Amsterdam for 2025-05-10,Paris,Amsterdam,2025-05-10,,
Book a flight from Lisbon to New York,Lisbon,New York,,,
Flight from Lisbon to Dublin on 2025-03-16,Lisbon,Dublin,2025-03-16,,
I want to book a flight from Rome to London on 2025-03-16 at 21:15,Rome,London,2025-03-16,21:15,
I want to book a flight from Oslo to Berlin on 2025-03-16 at 13:30,Oslo,Berlin,2025-03-16,13:30,
I want to book a flight from Berlin to Prague on 2025-03-16 at 18:00,Berlin,Prague,2025-03-16,18:00,
Get me a ticket from Rome to London for 2025-03-16,Rome,London,2025-03-16,,
Flight from Paris to Berlin on 2025-03-16,Paris,Berlin,2025-03-16,,
Plan a trip from Madrid at 09:00,Madrid,,,09:00,
Get me a ticket from Tokyo to Prague for 2025-03-16,Tokyo,Prague,2025-03-16,,
Flight from Tokyo to Lisbon on 2025-06-25,Tokyo,Lisbon,2025-06-25,,
Book a flight from Tokyo to New York,Tokyo,New York,,,
Two people traveling from Lisbon to Amsterdam at 11:00,Lisbon,Amsterdam,,11:00,3
I want to travel from London to Amsterdam,London,Amsterdam,,,
I want to travel from Berlin to Lisbon,Berlin,Lisbon,,,
Plan a trip from Berlin at 18:00,Berlin,,,18:00,
I need to fly from Manchester to Berlin at 11:00,Manchester,Berlin,,11:00,
1 passengers from Tokyo to Vienna on next Monday,Tokyo,Vienna,next Monday,,1
3 passengers from Tokyo to Vienna on 2025-05-10,Tokyo,Vienna,2025-05-10,,3
I want to book a flight from Berlin to New York on next Monday at 11:00,Berlin,New York,next Monday,11:00,
Fly me from Rome to Manchester,Rome,Manchester,,,
Plan a trip from Tokyo at 18:00,Tokyo,,,18:00,
Going from New York to Prague tomorrow,New York,Prague,2025-07-01,,
I want to book a flight from Lisbon to Zurich on 2025-07-01 at 09:00,Lisbon,Zurich,2025-07-01,09:00,
I need to fly from New York to Prague at 21:15,New York,Prague,,21:15,
Flight from Manchester to Rome on 2025-07-01,Manchester,Rome,2025-07-01,,
Going from Rome to Paris tomorrow,Rome,Paris,2025-07-01,,
3 passengers from New York to Paris on 2025-07-01,New York,Paris,2025-07-01,,3
Book a flight from London to Manchester,London,Manchester,,,
Two people traveling from New York to Madrid at 21:15,New York,Madrid,,21:15,1
Going from Amsterdam to Vienna tomorrow,Amsterdam,Vienna,2025-07-01,,
Fly me from Manchester to Lisbon,Manchester,Lisbon,,,
I need to fly from Paris to New York at 10:00,Paris,New York,,10:00,
Book a flight from Oslo to Manchester,Oslo,Manchester,,,
Get me a ticket from Amsterdam to Tokyo for 2025-06-25,Amsterdam,Tokyo,2025-06-25,,
Two people traveling from Berlin to London at 13:30,Berlin,London,,13:30,2
Book a flight from Manchester to Berlin,Manchester,Berlin,,,
Get me a ticket from Lisbon to London for next Monday,Lisbon,London,next Monday,,
I want to book a flight from Rome to Prague on 2025-03-16 at 11:00,Rome,Prague,2025-03-16,11:00,
I want to travel from Tokyo to Prague,Tokyo,Prague,,,
Going from Manchester to Lisbon tomorrow,Manchester,Lisbon,next Friday,,
I want to book a flight from New York to Dublin on 2025-05-10 at 09:00,New York,Dublin,2025-05-10,09:00,
Get me a ticket from Prague to Amsterdam for 2025-03-16,Prague,Amsterdam,2025-03-16,,
Get me a ticket from Madrid to Paris for 2025-04-02,Madrid,Paris,2025-04-02,,
Book a flight from Dublin to Lisbon,Dublin,Lisbon,,,
Book a flight from Manchester to Vienna,Manchester,Vienna,,,
Fly me from Amsterdam to Rome,Amsterdam,Rome,,,
Book a flight from Vienna to Lisbon,Vienna,Lisbon,,,
3 passengers from Vienna to Prague on next Friday,Vienna,Prague,next Friday,,3
Book a flight from Zurich to Lisbon,Zurich,Lisbon,,,
I want to book a flight from New York to Berlin on next Monday at 10:00,New York,Berlin,next Monday,10:00,
Get me a ticket from New York to Lisbon for next Monday,New York,Lisbon,next Monday,,
Book a flight from Zurich to Paris,Zurich,Paris,,,
Get me a ticket from Dublin to Prague for 2025-04-02,Dublin,Prague,2025-04-02,,
I want to travel from Tokyo to Berlin,Tokyo,Berlin,,,
I want to book a flight from London to Tokyo on next Friday at 18:00,London,Tokyo,next Friday,18:00,
I want to travel from London to Paris,London,Paris,,,
I want to travel from Zurich to London,Zurich,London,,,
Two people traveling from Paris to London at 21:15,Paris,London,,21:15,2
Going from Paris to Rome tomorrow,Paris,Rome,2025-07-01,,
I want to book a flight from Madrid to Zurich on 2025-07-01 at 18:00,Madrid,Zurich,2025-07-01,18:00,
Two people traveling from New York to Lisbon at 09:00,New York,Lisbon,,09:00,4
4 passengers from Prague to New York on tomorrow,Prague,New York,tomorrow,,4
2 passengers from Vienna to Tokyo on next Monday,Vienna,Tokyo,next Monday,,2
I want to travel from Tokyo to Manchester,Tokyo,Manchester,,,
Two people traveling from Vienna to New York at 18:00,Vienna,New York,,18:00,4
I want to book a flight from Paris to Manchester on next Friday at 18:00,Paris,Manchester,next Friday,18:00,
1 passengers from Dublin to Zurich on 2025-06-25,Dublin,Zurich,2025-06-25,,1
I need to fly from Prague to Manchester at 09:00,Prague,Manchester,,09:00,
Flight from Paris to Prague on 2025-03-16,Paris,Prague,2025-03-16,,
Plan a trip from Rome at 21:15,Rome,,,21:15,
I want to travel from Prague to Dublin,Prague,Dublin,,,
Fly me from Manchester to Rome,Manchester,Rome,,,
Two people traveling from Amsterdam to London at 21:15,Amsterdam,London,,21:15,2
Plan a trip from Manchester at 09:00,Manchester,,,09:00,
Two people traveling from Madrid to Vienna at 13:30,Madrid,Vienna,,13:30,3
Flight from Paris to Lisbon on 2025-05-10,Paris,Lisbon,2025-05-10,,
Two people traveling from Vienna to Manchester at 18:00,Vienna,Manchester,,18:00,1
Going from Tokyo to Paris tomorrow,Tokyo,Paris,next Monday,,
Fly me from Amsterdam to Dublin,Amsterdam,Dublin,,,
Flight from Tokyo to Oslo on 2025-06-25,Tokyo,Oslo,2025-06-25,,
I need to fly from Lisbon to Amsterdam at 21:15,Lisbon,Amsterdam,,21:15,
I want to travel from Paris to Prague,Paris,Prague,,,
Flight from Tokyo to Manchester on 2025-04-02,Tokyo,Manchester,2025-04-02,,
Flight from Amsterdam to Lisbon on next Monday,Amsterdam,Lisbon,next Monday,,
Going from Berlin to Lisbon tomorrow,Berlin,Lisbon,next Friday,,
I want to travel from Rome to Dublin,Rome,Dublin,,,
Fly me from London to Madrid,London,Madrid,,,
Flight from New York to Tokyo on 2025-06-25,New York,Tokyo,2025-06-25,,
Going from Zurich to Lisbon tomorrow,Zurich,Lisbon,2025-05-10,,
I need to fly from Manchester to Madrid at 21:15,Manchester,Madrid,,21:15,
Plan a trip from Oslo at 13:30,Oslo,,,13:30,
Going from Rome to Prague tomorrow,Rome,Prague,2025-03-16,,
4 passengers from Tokyo to Paris on tomorrow,Tokyo,Paris,tomorrow,,4
Flight from Manchester to Tokyo on 2025-04-02,Manchester,Tokyo,2025-04-02,,
Fly me from New York to Zurich,New York,Zurich,,,
Get me a ticket from Madrid to Vienna for 2025-06-25,Madrid,Vienna,2025-06-25,,
Going from Berlin to Lisbon tomorrow,Berlin,Lisbon,2025-05-10,,
Two people traveling from Paris to New York at 13:30,Paris,New York,,13:30,3
Plan a trip from Lisbon at 18:00,Lisbon,,,18:00,
2 passengers from Lisbon to Manchester on 2025-06-25,Lisbon,Manchester,2025-06-25,,2
Plan a trip from Rome at 18:00,Rome,,,18:00,
Two people traveling from London to Paris at 13:30,London,Paris,,13:30,1
Get me a ticket from Manchester to Madrid for 2025-04-02,Manchester,Madrid,2025-04-02,,
I want to travel from Rome to Tokyo,Rome,Tokyo,,,
Fly me from Tokyo to Dublin,Tokyo,Dublin,,,
Fly me from Oslo to Prague,Oslo,Prague,,,
Flight from Berlin to Vienna on 2025-03-16,Berlin,Vienna,2025-03-16,,
Fly me from Amsterdam to Oslo,Amsterdam,Oslo,,,
Two people traveling from London to Madrid at 15:45,London,Madrid,,15:45,1
Two people traveling from Rome to Lisbon at 21:15,Rome,Lisbon,,21:15,2
Flight from Oslo to New York on 2025-07-01,Oslo,New York,2025-07-01,,
3 passengers from Lisbon to Zurich on next Friday,Lisbon,Zurich,next Friday,,3
Fly me from Prague to Vienna,Prague,Vienna,,,
I want to book a flight from Oslo to Amsterdam on 2025-07-01 at 15:45,Oslo,Amsterdam,2025-07-01,15:45,
I want to travel from Manchester to Prague,Manchester,Prague,,,
Book a flight from Paris to Tokyo,Paris,Tokyo,,,
Get me a ticket from Dublin to Berlin for tomorrow,Dublin,Berlin,tomorrow,,
3 passengers from Paris to Rome on 2025-07-01,Paris,Rome,2025-07-01,,3
Flight from Berlin to Prague on 2025-06-25,Berlin,Prague,2025-06-25,,
Two people traveling from Rome to London at 10:00,Rome,London,,10:00,4
I want to book a flight from Madrid to Vienna on tomorrow at 18:00,Madrid,Vienna,tomorrow,18:00,
Two people traveling from Berlin to Oslo at 21:15,Berlin,Oslo,,21:15,4
1 passengers from Dublin to Rome on next Friday,Dublin,Rome,next Friday,,1
Book a flight from Tokyo to Paris,Tokyo,Paris,,,
Get me a ticket from Oslo to Berlin for 2025-04-02,Oslo,Berlin,2025-04-02,,
I want to book a flight from Madrid to Paris on next Monday at 10:00,Madrid,Paris,next Monday,10:00,
Get me a ticket from Zurich to Vienna for 2025-04-02,Zurich,Vienna,2025-04-02,,
Get me a ticket from London to Paris for 2025-03-16,London,Paris,2025-03-16,,
Get me a ticket from New York to Rome for 2025-07-01,New York,Rome,2025-07-01,,
Book a flight from Paris to London,Paris,London,,,
Plan a trip from Madrid at 13:30,Madrid,,,13:30,
I want to book a flight from Zurich to Paris on 2025-03-16 at 15:45,Zurich,Paris,2025-03-16,15:45,
Book a flight from London to Madrid,London,Madrid,,,
Going from Prague to Dublin tomorrow,Prague,Dublin,2025-05-10,,
Fly me from London to Zurich,London,Zurich,,,
Get me a ticket from Lisbon to Dublin for 2025-06-25,Lisbon,Dublin,2025-06-25,,
Going from London to Paris tomorrow,London,Paris,next Monday,,
Flight from Dublin to Rome on 2025-03-16,Dublin,Rome,2025-03-16,,
2 passengers from Vienna to Amsterdam on 2025-03-16,Vienna,Amsterdam,2025-03-16,,2
Flight from New York to Vienna on 2025-06-25,New York,Vienna,2025-06-25,,
Plan a trip from New York at 11:00,New York,,,11:00,
Get me a ticket from Manchester to Tokyo for next Friday,Manchester,Tokyo,next Friday,,
Going from Tokyo to Zurich tomorrow,Tokyo,Zurich,2025-07-01,,
